id,enabled,title,author,date,description
1,1,あの夏が攫ってった,RGIJ,2026-09-03,-
2,1,夏休みの教室に,RGIJ,2026-09-03,-
3,1,夏を泳ぐ,k-rutia,2026-08-15,-
4,1,さんぽみち,nekokaitai,2026-09-07,-
5,1,浴衣の二人でまったり,miryas0125,2026-08-12,-
6,1,麦わら帽子,miryas0125,2026-03-25,-
7,1,この帽子をあむに預けるw,あむまろ,-,-
8,1,水しぶき,mejamao,2026-08-07,-
9,1,これは水着です,mejamao,2026-08-07,-
10,1,大人のプール,mejamao,2026-08-07,-
11,1,対局後,mejamao,2026-06-20,-
12,1,夏休み最終日,mejamao,2026-07-24,-
13,1,涼しいね,Yuzu（ゆず）,2026-09-16,-
14,1,ｷﾌﾟｷﾌﾟ,風吹けば名無し,2026-09-16,-
15,1,「あむ、みずでっぽう！」,Yuzu（ゆず）,2026-09-16,-
16,1,次1時間後!?,風吹けば名無し,2026-09-17,-
17,1,負けられない戦い,Yuzu（ゆず）,2026-09-17,-
18,1,夏を運んで,風吹けば名無し,2026-09-17,-
19,1,みんなで過ごした最高の夏,Yuzu（ゆず）,2026-09-02,-
20,1,あのねあのね、,あむまろ,2026-09-16,-
21,1,こんにちは！,あむまろ,2026-09-16,-
22,1,満喫中,あむまろ,2026-09-16,-
23,1,あついね～,あむまろ,2026-09-17,-
24,1,夏欲張りセット,あむまろ,-,-